{
    "bean": {
        "_v": 0,
        "addr": "mtn.bitplatform.cloud",
        "name": "love-germany-nuremberg-vless-ws-tls-cf-mtn",
        "pass": "8a052c65-bdf6-485a-c1d7-cb2b23f15dfa",
        "port": 443,
        "stream": {
            "ed_len": 0,
            "host": "germany-frankfurt.bitplatform.cloud",
            "insecure": false,
            "mux_s": 0,
            "net": "ws",
            "path": "/",
            "sec": "tls",
            "sni": "germany-frankfurt.bitplatform.cloud",
            "utls": "random"
        }
    },
    "gid": 14,
    "id": 1026,
    "traffic": {
        "dl": 0,
        "ul": 0
    },
    "type": "vless",
    "yc": 0
}
