{
    "bean": {
        "_v": 0,
        "addr": "germany-nuremberg.bitplatform.cloud",
        "name": "love-germany-nuremberg-vless-ws-tls-cf",
        "pass": "8a052c65-bdf6-485a-c1d7-cb2b23f15dfa",
        "port": 443,
        "stream": {
            "alpn": "h2,http/1.1",
            "ed_len": 0,
            "insecure": false,
            "mux_s": 0,
            "net": "ws",
            "path": "/",
            "sec": "tls",
            "utls": "chrome"
        }
    },
    "gid": 14,
    "id": 1027,
    "traffic": {
        "dl": 0,
        "ul": 0
    },
    "type": "vless",
    "yc": 0
}
