{
    "bean": {
        "_v": 0,
        "addr": "159.69.86.101",
        "flow": "xtls-rprx-vision",
        "name": "love-germany-nuremberg2-vless-tcp(reality)-speedtest",
        "pass": "0acafbc7-944d-44e8-e667-e6b28bf15e40",
        "port": 443,
        "stream": {
            "ed_len": 0,
            "insecure": false,
            "mux_s": 0,
            "net": "tcp",
            "pbk": "g-oxbqigzCaXqARxuyD2_vbTYeMD9zn8wnTo02S69QM",
            "sec": "tls",
            "sni": "www.speedtest.net",
            "utls": "chrome"
        }
    },
    "gid": 14,
    "id": 1029,
    "traffic": {
        "dl": 1505136,
        "ul": 560099
    },
    "type": "vless",
    "yc": 0
}
